,dim,var,len_scale,nugget,alpha
0,2,0.08531238277734925,21.63538805927068,0.0,1.157992775696461
